player_name,2024_set,2025_set,2026_set
Aaqib Khan,,UFA5,UFA6
Aaron Hardie,,AL5,
Aaron Varghese,,,UBA4
Aarya Desai,UAL2,UBA2,UBA1
Abdul Bazith,,UAL6,UAL4
Abdul Samad,,UAL1,
Abhay Choudhary,,UAL14,
Abhijeet Tomar,,UBA7,
Abhilash Shetty,UFA2,UFA3,UFA3
Abhimanyu Easwaran,UBA2,UBA6,
Abhimanyusingh Rajput,UAL2,,UAL7
Abhinandan Singh,,UFA6,
Abhinav Manohar,,UBA1,UBA1
Abhinav Tejrana,,,UBA1
Abhishek Nair,,UBA8,
Abhishek Pathak,,,UWK2
Abhishek Saini,,UFA10,
Abid Mushtaq,UAL2,UAL8,UAL3
Ackeem Auguste,,,BA2
Adam Milne,FA2,FA6,FA2
Adam Zampa,,SP1,
Adarsh Singh,,,UBA3
Adil Rashid,SP1,SP2,
Aditya Tare,UWK2,,
Agni Chopra,,UBA6,
Ahammed Imran,,,UBA4
Aiden Markram,,BA1,
Ajay Ahlawat,,UAL10,
Ajay Mandal,,UAL4,
Ajinkya Rahane,,BA2,
Ajitesh Guruswamy,UWK2,UWK4,UWK3
Akash Deep,,FA2,FA1
Akash Madhwal,,UFA1,UFA1
Akash Parkar,,UAL15,
Akash Pugazhanthi,,,UAL7
Akash Sengupta,UAL2,,
Akash Singh,UFA1,UFA3,
Akash Singh (ARCA),,UWK5,
Akash Vashisht,UAL2,UAL9,
Akeal Hosein,SP1,SP2,SP1
Akhil Chaudhary,,UFA4,
Akhil Rawat,,UBA6,
Akhil Scaria,,,UAL9
Akhin Sathar,UFA2,,
Akshat Raghuwanshi,UBA2,UBA4,UBA2
Akshu Bajwa,,,UAL10
Alex Carey,,WK2,
Ali Khan,,UFA6,
Alick Athanaze,BA2,AL10,
Allah Ghazanfar,USP2,SP2,
Alzarri Joseph,FA1,FA4,FA3
Aman Khan,UAL2,UAL6,UAL2
Aman Rao Perala,,,UBA2
Aman Shekhawat,,,UFA6
Amandeep Khare,UBA2,UBA5,
Amit Kumar,,,USP3
Andre Fletcher,,WK4,
Andre Siddarth,,UBA3,
Andrew Tye,,FA10,
Angkrish Raghuvanshi,UBA1,UBA1,
Aniket Verma,,UBA5,
Aniketh Reddy,UAL2,,
Anirudh Chowdhary,,UFA7,
Anirudh Kanwar,,UFA9,
Ankit Kumar,UBA2,,UBA2
Ankit Singh Rajpoot,,UFA5,
Anmol Malhotra,UWK2,UWK5,
Anmolpreet Singh,,UBA1,UBA1
Anrich Nortje,,FA1,FA1
Ansh Gosai,UBA2,,
Ansh Patel,UAL2,,
Anshul Kamboj,UAL2,UAL2,
Anshuman Hooda,,UFA7,
Anuj Rawat,,UWK1,
Anuj Thakral,,,UAL8
Anukul Roy,,UAL2,
Apoorv Wankhade,,UBA3,
Arab Gul,,,USP4
Aradhya Shukla,UAL2,UFA6,
Arfaz Mohammad,,,UAL8
Arjun Azad,,UAL14,
Arjun Tendulkar,,UFA2,
Arpit Guleria,UFA2,UFA4,UFA3
Arpit Rana,,,UAL7
Arsh Kabir Ranga,,,UBA3
Arshdeep Singh,,M1,
Arshin Kulkarni,UAL1,UAL3,
Aryaman Singh Dhaliwal,,UWK3,UAL8
Aryan Juyal,,UWK1,
Ashish Dahariya,,UBA7,
Ashok Sharma,UFA2,UFA8,UFA1
Ashton Agar,AL2,AL9,
Ashton Turner,BA2,BA3,
Ashutosh Sharma,UAL2,UAL1,
Ashwani Kumar,UFA2,UFA3,
Ashwin Das,UAL2,,
Ashwin Hebbar,,UBA4,
Atal Rai,UAL2,,UFA5
Atharva Ankolekar,UAL2,UAL11,UAL4
Atharva Kale,,UBA8,
Atharva Taide,,UBA1,UBA1
Atif Mushtaq,,UFA9,UFA5
Atit Sheth,UAL1,UAL8,UAL3
Auqib Dar,,UAL11,UAL1
Avanish Aravelly,UWK2,UWK2,
Avesh Khan,,FA1,
Avinash Singh,,UFA9,
Avneesh Sudha,UWK2,UBA3,
Ayaz Khan,,UBA9,UBA4
Ayush Doseja,,,UBA3
Ayush Mhatre,,UBA5,
Ayush Pandey,,UBA4,
Ayush Vartak,,UAL11,UAL4
Azim Kazi,UBA2,,
Azmatullah Omarzai,AL1,AL3,
B. Surya,USP2,,
B.R Sharath,UWK2,UWK2,
Baba Aparajith,UAL2,UAL12,
Baba Indrajith,UWK2,UWK6,
Bailapudi Yeswanth,,USP3,USP2
Bal Krishna,,,UAL6
Baltej Dhanda,,UFA6,
Barinder Sran,FA2,,
Basil Thampi,UFA2,UFA3,
Basit Bashir,UFA2,,
Bayanda Majola,,,UFA6
Beau Webster,,,AL3
Ben Cutting,AL2,,
Ben Duckett,WK2,BA3,WK1
Ben Dwarshuis,FA2,FA7,AL2
Ben Howell,UAL2,UAL13,
Ben McDermott,,WK3,WK2
Benjamin Sears,,FA8,
Bevan John Jacobs,,UBA8,AL3
Bhagmender Lather,UWK2,UWK6,
Bhanu Pania,,,UBA3
Bhanuka Rajapaksa,,BA4,
Bharat Sharma,,UAL13,
Bhupen Lalwani,UBA2,,
Bhuvneshwar Kumar,,FA2,
Bhuwan Rohilla,USP2,,
Billy Stanlake,FA2,,FA5
Binura Fernando,,,FA5
Bipin Saurabh,UWK2,UWK3,UWK3
Blessing Muzarabani,FA2,FA8,
Brandon King,BA2,BA4,
Brandon McMullen,,UAL8,
Brijesh Sharma,,,UFA6
Brydon Carse,AL2,AL5,
Cameron Green,,,BA1
Charith Asalanka,AL2,AL6,AL4
Chetan Sakariya,FA1,FA6,FA2
Chetan Sharma,,UFA9,
Chintal Gandhi,USP2,USP3,USP3
Chirag Gandhi,UBA2,,
Chris Green,,AL8,
Chris Jordan,FA2,FA9,
Chris Woakes,AL1,,
Chris Wood,UFA2,,
Colin Munro,BA2,,
Connor Esterhuizen,,,UWK3
Cooper Connolly,,AL7,AL3
Corbin Bosch,UAL2,UAL10,
Daksh Kamra,,,UAL8
Dan Lawrence,,AL9,AL3
Daniel Lategan,,,UBA4
Daniel Mousley,,AL6,
Daniel Sams,AL2,AL7,AL2
Daniel Worrall,,FA7,
Danish Malewar,,,UBA2
Darshan Misal,UWK2,,
Darshan Nalkande,,UAL2,UAL2
Daryl Mitchell,AL1,AL2,AL2
Daryn Dupavillon,,FA10,
Dasun Shanaka,AL2,AL8,AL2
David Miller,,M2,BA1
David Payne,,FA9,
David Warner,,BA1,
David Wiese,UAL2,,
David Willey,AL2,,
Deepak Chahar,,FA2,
Deepak Devadiga,,USP5,
Deepak Hooda,,AL3,AL1
Deependra Singh,,,UFA5
Delano Potgieter,,,UAL6
Dev Lakra,UAL2,,
Devang Karamta,UFA2,,
Devdutt Padikkal,,BA1,
Devendra Singh Bora,UFA2,,
Devon Conway,,BA1,BA1
Dewald Brevis,,BA3,
Dharmendrasinh Jadeja,,,USP3
Dhruv Kaushik,,UAL15,
Dhruv Shorey,UBA2,,
Dhurmil Matkar,,,UAL10
Dian Forrester,,,UAL10
Digvesh Singh,USP2,USP2,
Digvijay Deshmukh,,UAL12,
Dilshan Madushanka,FA1,FA6,
Dinesh Bana,UBA2,UWK4,
Dipesh Parwani,,UFA9,
Divesh Sharma,UFA2,UFA5,UFA3
Divij Mehra,UAL2,,
Dominic Drakes,,AL10,
Donovan Ferreira,,WK2,
Duan Jansen,UAL2,UAL12,
Dumindu Sewmina,,UFA10,
Dunith Wellalage,,AL6,AL4
Dushan Hemantha,,AL7,
Dushmantha Chameera,FA2,FA5,
Dwaine Pretorius,AL2,AL8,AL4
Edhen Tom,,,UAL1
Ekant Sen,UBA2,,
Emanjot Chahal,,UAL5,UAL6
Esakkimuthu Ayyakutti,,,UFA4
Eshan Malinga,,UFA10,
Evin Lewis,,BA4,
Fabian Allen,AL2,,
Faf Du Plessis,,BA2,
Fareed Ahmad,FA2,,
Faridoon Dawoodzai,,UFA8,
Fazalhaq Farooqi,,FA4,FA1
Finn Allen,BA2,BA3,WK1
Ganesh Chaudhary,USP2,,
Gaurav Gambhir,,UAL14,
George Garton,AL2,,AL4
George Linde,AL2,,AL3
George Scrimshaw,FA2,,
Gerald Coetzee,AL1,FA2,FA1
Girinath Reddy,,UAL10,
Glenn Maxwell,,AL1,
Glenn Phillips,,BA2,
Gourav Choudhary,UWK2,,
Gourav Yadav,UFA2,,
Gudakesh Motie,,AL6,
Gulbadin Naib,,AL4,AL3
Gurjapneet Singh,UFA2,UFA3,
Gurnoor Singh Brar,UFA2,UFA2,
Gus Atkinson,FA2,AL4,AL1
Hanuma Vihari,AL2,,
Hardik Raj,,UAL6,UAL6
Hardik Tamore,,UWK6,UWK3
Harnoor Pannu,,UBA3,
Harpreet Brar,,UAL1,
Harry Brook,BA1,BA1,
Harry Tector,,BA5,
Harsh Dubey,UAL2,UAL7,
Harsh Tyagi,,UAL6,UAL2
Harshal Patel,AL1,AL1,
Harvik Desai,UWK2,UWK2,
Hasan Mahmud,,FA9,
Hemang Patel,,,UAL8
Hemanth Kumar,,UAL13,
Hilton Cartwright,,AL10,
Himanshu Bisht,,,UAL7
Himanshu Chauhan,,UFA4,
Himanshu Sharma,,USP2,USP2
Himanshu Singh (BICA),,USP5,
Himanshu Singh (MCA),,USP4,
Himmat Singh,UBA2,UBA2,
Hritik Shokeen,UAL1,UAL5,UAL3
Ibrahim Zadran,BA2,BA5,
Irfan Umair,,,UFA3
Ish Sodhi,SP1,,
Ishan Kishan,,WK1,
Ishan Mulchandani,,,UAL9
Ishan Porel,UFA1,UFA3,UFA4
Ishant Sharma,,FA3,
Izaz Sawariya,,,USP4
Izharulhuq Naveed,USP2,,
Jack Edwards,,,UAL10
Jacob Bethell England,,AL5,
Jacob Duffy,,,FA1
Jafar Jamal,,UBA9,
Jagadeesha Suchith,USP2,USP3,UAL3
Jake Fraser-Mcgurk,UAL2,BA1,
Jake Fraser-McGurk,,,BA1
Jalaj Saxena,UAL2,UAL10,UAL3
James Anderson,,FA9,
James Vince,BA2,BA3,
Jamie Overton,AL2,AL6,
Jamie Smith,,,WK1
Jasmer Dhankhar,USP2,USP4,
Jason Behrendorff,,FA5,FA4
Jason Holder,AL2,AL7,AL2
Jass Inder Baidwan,UAL2,USP4,
Jayant Yadav,,AL4,
Jaydev Unadkat,FA1,FA3,
Jeffery Vandersay,,SP3,
Jhathavedh Subramanyan,USP2,USP2,USP3
Jhye Richardson,FA2,FA5,FA3
Jikku Bright,,,USP4
Jimmy Neesham,AL2,AL7,
Jitender Pal,UAL2,,
Jitesh Sharma,,WK1,
Joe Clarke,,,UWK3
Jofra Archer,,FA1,
John Turner,,FA8,
Johnson Charles,WK2,WK4,
Jonny Bairstow,,WK1,WK1
Jonty Sidhu,,UAL8,
Jordan Cox,,WK3,WK2
Jos Buttler,,M1,
Josh Hazlewood,FA1,FA1,
Josh Inglis,WK1,WK2,WK2
Josh Little,,FA5,FA5
Josh Philippe,,WK3,
Joshua Brown,,UBA8,
Joshua Tongue,,,FA4
Junior Dala,,AL9,
K.Ajay Singh,,,UAL9
K.C. Cariappa,USP2,UAL6,USP2
K.M Asif,UFA2,UFA4,UFA2
K.S Bharat,,WK2,
K.S. Bharat,WK1,,WK1
Kagiso Rabada,,M1,
Kamal Tripathi,,UAL14,
Kamindu Mendis,,AL5,
Kamlesh Nagarkoti,UAL2,UAL6,UAL1
Kane Williamson,,BA2,
Kanishk Chouhan,,,UAL7
Karan Lal,,,UAL4
Karim Janat,,AL7,
Karn Sharma,,USP1,USP1
Karteek Sharma,,UWK5,
Kartik Chadha,,UAL9,USP2
Kartik Sharma,,,UWK1
Kartik Tyagi,UFA1,UFA1,UFA1
Karun Nair,BA1,UBA1,
Kaushik Maity,UAL2,UBA9,
Keemo Paul,AL2,AL10,
Keshav Maharaj,AL2,SP2,
Khilan Patel,,,UAL6
Khrievitso Kense,,UAL15,
Kiran Chormale,,UBA7,
KL Rahul,,M2,
Krains Fuletra,,,UAL5
Krish Bhagat,,UAL7,UAL9
Krishnappa Gowtham,,AL4,
Kritagya Singh,,UAL12,
Krunal Pandya,,AL2,
Kuldeep Sen,,FA4,FA2
Kuldip Yadav,UFA1,UFA4,UFA3
Kulwant Khejroliya,UFA2,UFA5,UFA4
Kumar Kartikeya Singh,,USP1,USP1
Kumar Kushagra,UWK1,UWK1,
Kunal Chandela,,,UBA3
Kunal Rathore,,UWK2,UWK2
Kunal Singh Chibb,,USP5,
Kusal Mendis,WK1,WK3,WK2
Kusal Perera,,WK3,WK2
Kwena Maphaka,UFA2,FA4,
Kyle Jamieson,FA2,FA9,FA2
Kyle Mayers,,AL5,AL4
Kyle Verreynne,,WK4,
L.R Chethan,UWK2,UWK3,
Lahiru Kumara,FA2,FA10,
Lakshay Jain,,UAL12,
Lalit Yadav,UFA2,UAL3,UAL8
Lance Morris,FA2,FA7,
Leus Du Plooy,,UBA4,
Liam Dawson,,,AL4
Liam Livingstone,,M2,AL1
Litton Das,,WK4,
Lizaad Williams,FA2,FA4,
Lockie Ferguson,FA1,FA2,
Luckyrajsinh Vaghela,,,UAL9
Luke Wood,FA2,FA4,FA3
Lukman Hussain Meriwala,UFA2,,
Lungisani Ngidi,,FA6,FA2
Luvnith Sisodia,,UWK1,
M. Ajnas,,UWK6,
M. Siddharth,USP1,USP2,
M.Dheeraj Kumar,,,UBA3
Macneil Noronha,,,UAL5
Madhav Bajaj,,,UAL10
Madhav Kaushik,,UBA2,
Madhav Tiwari,,UAL14,
Mahedi Hasan,,AL9,
Maheesh Theekshana,,SP1,SP1
Mahesh Pithiya,UWK2,UAL8,
Mahipal Lomror,,UAL1,UAL1
Manan Bhardwaj,,,USP3
Manan Vohra,UBA1,UBA5,UBA2
Manav Suthar,USP1,USP1,
Mangesh Yadav,,,UAL2
Mani Sankar Mura Singh,UAL2,,
Manish Pandey,BA1,BA3,
Manish Reddy,UFA2,UFA9,UFA5
Manit Singh,UFA2,,
Manoj Bhandage,,UAL4,UAL3
Manvanth Kumar,UAL2,UAL5,UAL3
Maramreddy Reddy,,UAL8,UAL7
Marco Jansen,,AL2,
Marcus Stoinis,,AL1,
Mark Chapman,BA2,BA4,
Matheesha Pathirana,,,FA1
Matt Henry,FA2,FA4,FA1
Matthew Breetzke,,BA4,
Matthew Forde,AL2,AL10,
Matthew Potts,,FA8,FA4
Matthew Short,AL2,AL5,AL2
Mayank Agarawal,,BA2,BA2
Mayank Dagar,,UAL2,UAL3
Mayank Gusain,,UAL10,UAL7
Mayank Markande,,USP1,
Mayank Rawat,,UAL5,UAL2
Mehidy Hasan Miraz,,AL8,
Michael Bracewell,AL2,AL6,AL2
Michael Neser,,AL10,
Michael Pepper,,UWK4,
Mikyle Louis,,BA5,
Miles Hammond,,,UBA4
Mitchell Marsh,,AL1,
Mitchell Santner,,AL4,
Mitchell Starc,FA1,M1,
Moeen Ali,,AL3,
Mohamed Ali,,UAL11,UAL10
Mohammad Izhar,,,UFA2
Mohammad Kaif,UAL2,,
Mohammad Nabi,AL2,AL4,
Mohammad Shami,,M2,
Mohammad Siraj,,M2,
Mohammed Azharuddeen,,UWK3,
Mohammed Kaif,UFA2,,
Mohd Arslan Khan,UAL2,,
Mohd. Arshad Khan,UAL1,UAL2,
Mohit Ahlawat,UWK2,,
Mohit Avasthi,UFA2,UFA8,
Mohit Rathee,UAL2,USP4,USP2
Mohit Redkar,UAL2,,
Mohit Sharma,,UFA1,
Money Grewal,UFA2,UFA3,UFA3
Monish Reddy,UFA2,,
Mridul Surroch,,,UAL8
Mrinmoy Dutta,UFA2,,
Muhammad Abbas,,,AL4
Muhammed Khan,,UWK6,
Muhammed Sharafuddeen,,,UAL9
Mujeeb Ur Rahman,SP1,SP2,SP1
Mujtaba Yousuf,UFA2,UFA8,
Mukesh Choudhary,,UFA2,
Mukesh Kumar,,FA2,
Mukhtar Hussain,UFA2,UAL10,
Mukul Choudhary,,,UWK1
Murugan Abhishek,UAL2,,
Murugan Ashwin,USP1,USP3,USP2
Musaif Ajaz,,UBA6,
Musheer Khan,UAL2,UAL5,
Mustafizur Rahman,FA2,FA3,FA2
Mustaq Beg,USP2,,
Nahid Rana,,FA9,FA4
Najibullah Zadran,BA2,BA5,
Naman Dhir,UAL2,UAL1,
Naman Pushpak,,,USP4
Naman Tiwari,,UFA5,UFA1
Nandre Burger,UFA2,FA3,
Nangeyalia Kharote,,AL9,
Narayan Jagadeesan,,UWK4,
Nasir Lone,UAL2,UAL8,UAL9
Nathan Ellis,,FA5,
Nathan Smith,,AL9,AL4
Naushad Shaikh,UBA2,,
Navdeep Saini,,FA5,FA3
Naveen Ul Haq,,FA3,FA3
Nehal Wadhera,,UBA1,
Nihal Ullal,UWK2,,
Nikhil Chaudhary,,,UAL5
Nikhil Gangta,UBA2,,
Nikhil Naik,UWK2,,
Ninad Rathva,UAL2,UAL7,UAL5
Nishant Sindhu,,UAL1,
Nishanth Saranu,,UFA4,UFA5
Nishunk Birla,,UAL12,
Nitin Sai Yadav,,,UAL8
Nitin Verma,UFA2,,
Nitish Rana,,AL2,
Noor Ahmad,,SP1,
Nqabayomzi Peter,,SP3,
Nuwan Thushara,FA2,FA3,
Obed Mccoy,FA2,,
Obed McCoy,,FA7,FA5
Odean Smith,AL2,AL10,
Oliver Davies,,UBA8,
Ollie Pope,,WK4,
Ollie Robinson,FA2,,
Olly Stone,FA2,FA7,FA4
Onkar Tarmale,,,UFA2
Oshane Thomas,FA2,,
Ottneil Baartman,UFA2,FA6,
P. Vignesh,,UAL12,
P.A. Abdul,UAL2,,
Pankaj Jaswal,,UFA8,UFA4
Pankaj Yadav,USP2,,
Parikshit Dhanak,,,USP3
Parikshit Valsangkar,,,UAL10
Parth Rekhade,,,UAL6
Parth Vats,,,UAL8
Pat Cummins,AL1,,
Pathum Nissanka,,BA4,BA2
Patrick Kruger,,AL10,
Paul Van Meekeren,UFA2,,
Phil Salt,WK1,WK1,
Piyush Chawla,,USP1,
Pradosh Paul,UAL2,UWK5,
Pradyuman Kumar Singh,,UFA10,
Praful Hinge,,UFA8,UFA4
Prasad Pawar,UWK2,,
Prashant Chauhan,,UAL15,
Prashant Sai Painkra,,UFA7,
Prashant Solanki,,USP2,USP1
Prashant Veer,,,UAL1
Prasidh Krishna,,FA1,
Prateek Yadav,,UBA6,
Pratham Singh,,UAL13,
Pravin Dubey,,UAL4,USP2
Prayas Ray Barman,,UBA9,
Prenelan Subrayen,UAL2,,
Prerak Mankad,,UAL4,
Prerit Dutta,UAL2,UAL9,UAL9
Prince Choudhary,USP2,USP2,
Prince Rai,,,UAL4
Prince Yadav,,UFA5,
Prithvi Shaw,,BA2,BA1
Prithviraj Yarra,UFA2,UFA4,UFA2
Priyam Garg,,UBA3,
Priyank Panchal,UBA2,,
Priyansh Arya,UBA1,UAL4,
Pukhraj Mann,UBA2,UBA2,UBA2
Pulkit Narang,USP1,USP4,
Purav Agarwal,,,USP4
Pyla Avinash,,UBA7,
Qais Ahmad,AL2,AL6,SP2
Qamran Iqbal,,,UBA3
Quinton De Kock,,WK1,WK1
R Rajkumar,,,UAL5
R. Sai Kishore,,AL3,
R.S Ambrish,,,UAL5
Rachin Ravindra,AL1,AL1,AL1
Raghav Goyal,USP2,USP3,UAL3
Rahmanullah Gurbaz,,WK1,WK1
Rahul Buddhi,UAL2,,UWK2
Rahul Chahar,,SP1,SP1
Rahul Shukla,UFA2,,
Rahul Tripathi,,BA1,BA2
Raj Angad Bawa,UAL1,UAL5,
Raj Chaudhary,UAL2,,
Raj Limbani,UFA2,UAL7,UFA1
Rajan Kumar,,UFA2,UFA4
Rajat Dey,UBA2,,
Rajat Verma,,,UFA5
Rajneesh Gurbani,,UAL9,
Rajvardhan Hangargekar,,UAL3,UAL1
Rakibul Hasan,,,USP4
Rakshan Readdi,UFA2,,UFA5
Ramakrishna Ghosh,,UAL7,
Ramandeep Singh,UAL1,,
Ramesh Prasad,,USP5,
Rasikh Dar,UFA1,UFA1,
Rassie Van Der Dussen,BA2,BA5,
Ravi Bishnoi,,,SP1
Ravi Chauhan,UAL2,,
Ravi Kumar,UFA2,UFA6,UFA4
Ravi Singh,,,UWK2
Ravi Teja,UAL2,,
Ravi Yadav,,UAL13,
Ravichandaran Ashwin,,AL1,
Reece Topley,,FA4,
Reeza Hendricks,BA2,,BA2
Rehan Ahmed,AL2,,AL3
Richard Gleeson,FA2,FA4,FA3
Richard Ngarava,FA2,FA10,
Ricky Bhui,UWK1,UBA2,UWK2
Rilee Rossouw,BA1,BA3,
Riley Meredith,FA2,FA7,FA3
Ripal Patel,,UAL9,UAL4
Rishabh Chauhan,,,UAL10
Rishabh Pant,,M1,
Rishad Hossain,,SP3,SP2
Rishi Dhawan,,UAL3,
Rithik Easwaran,UBA2,UWK5,
Ritik Tada,,,UAL9
Rituraj Sharma,,UBA9,
Robin Minz,UWK2,UWK1,
Rohan Kunnummal,UBA1,UBA4,UBA2
Rohan Rana,,UAL13,
Rohit Rayudu,UAL2,UAL11,
Rohit Yadav,,,UFA5
Romario Shepherd,,AL3,
Roshan Wagshare,,USP3,USP4
Roston Chase,,AL9,AL4
Rovman Powell,BA1,BA2,
Ruchit Ahir,,,UWK1
Ryan Rickelton,,WK2,
S. Midhun,USP2,UAL8,
Sabhay Chadha,,UAL13,
Sabir Khan,,,UFA6
Sachin Baby,,UBA3,
Sachin Bhosale,UFA2,,
Sachin Dhas,,UBA4,UBA4
Sadek Hussain,,,UFA6
Safvan Patel,,,UFA4
Sagar Solanki,,,UAL7
Sahil Parakh,,,UBA3
Sairaj Patil,UAL2,UAL14,UAL2
Sakib Hussain,UFA2,UFA2,UFA2
Salil Arora,,UWK4,UWK2
Salman Nizar,UBA2,UBA5,UBA2
Sam Billings,WK2,WK3,
Sam Curran,,AL2,
Samarth Nagraj,,UFA10,
Samarth Vyas,,UBA5,
Sameer Rizvi,UBA1,UAL1,
Sammar Gajjar,,,UAL9
Samuel Hain,BA2,,
Sandeep Warrier,FA2,FA6,FA4
Sanjay Pahal,UAL2,,
Sanjay Yadav,,UAL10,UAL4
Sanskar Rawat,,UWK3,
Sanvir Singh,,UAL2,UAL1
Saqib Mahmood,,,FA2
Saransh Jain,UAL2,UAL9,
Sarfaraz Khan,UAL1,AL5,BA1
Sarthak Ranjan,,UBA7,UAL6
Satvik Deswal,,,UAL2
Saumy Pandey,UAL2,USP4,USP3
Saurabh Dubey,UFA2,UFA5,
Saurabh Kumar,UAL2,,
Saurabh Netravalkar,,UAL15,
Saurav Chauhan,UBA1,UWK2,UWK2
Sayan Ghosh,,,UFA3
Sayed Irfan Aftab,,UFA7,UFA4
Sean Abbott,AL2,AL5,AL2
Sediqullah Atal,,BA4,BA2
Shahbaz Ahamad,,AL3,
Shahrukh Khan,UAL1,,
Shai Hope,WK2,WK2,WK2
Shaik Rasheed,,UBA2,
Shakib Al Hasan,,AL8,
Shakir Gandhi,UWK2,,
Shamar Joseph,UFA2,FA5,FA3
Shams Mulani,,UAL3,UAL4
Shardul Thakur,AL1,AL2,
Shashank Singh,UAL2,,
Shashank Singh (CAB),UBA2,,
Shashwat Rawat,,UBA3,
Sherfane Rutherford,BA2,BA3,
Shiva Singh,USP1,UAL7,UAL10
Shivalik Sharma,UAL2,UAL4,UAL5
Shivam Mavi,FA1,FA5,FA1
Shivam Sharma,USP2,,
Shivam Shukla,,USP5,USP1
Shivam Singh,,UAL3,
Shivang Kumar,,,UAL1
Shoriful Islam,FA2,FA8,FA5
Shoun Roger,,UBA4,
Shreevatsha Acharya,,,UFA6
Shreyan Chakraborty,,,UAL7
Shreyas Chavan,,USP3,USP3
Shreyas Gopal,USP1,USP1,
Shreyas Gurav,USP2,,
Shreyas Iyer,,M1,
Shrijith Krishnan,UWK2,UWK4,
Shubham Agrawal,USP2,USP4,USP2
Shubham Dubey,UBA1,UBA2,
Shubham Garhwal,,UAL14,
Shubham Kapse,UFA2,UFA9,UFA6
Shubham Khajuria,,UBA6,
Shubham Rana,,,UAL7
Shubham Singh Pundir,UAL2,,
Shubhang Hegde,UAL2,UAL9,UAL6
Siddhant Rana,,,UBA4
Siddharth Joon,,,UWK3
Siddharth Kaul,FA2,UFA7,
Siddharth Yadav,,UWK5,UAL5
Sikandar Raza,,AL4,
Simarjeet Singh,,UFA1,UFA1
Smaran Ravichandran,,UBA3,
Sohraab Dhaliwal,,UAL7,
Sonu Yadav,,UAL5,UAL5
Spencer Johnson,FA2,FA3,FA1
Srihari Nair,,,UFA6
Steve Smith,BA1,BA4,BA2
Subhranshu Senapati,UBA2,,
Sudip Gharami,UBA2,UBA6,
Sumeet Verma,UBA2,UBA5,
Sumit Ghadigaonkar,UWK2,UWK6,
Sumit Kumar,UAL2,UAL6,
Sumit Kumar Beniwal,,UAL12,
Sunil Kumar,,,UFA3
Sunny Sandhu,,,UAL5
Suryansh Shedge,UAL2,UAL5,
Sushant Mishra,UFA1,UFA2,UFA1
Suyash Prabhudessai,,UAL2,UAL2
Suyash Sharma,,USP1,
Swapnil Singh,UAL2,UAL2,
Swastik Chhikara,UBA2,UBA2,
Syed Khaleel Ahmed,,FA1,
T. Natarajan,,FA1,
Tabraiz Shamsi,SP1,SP3,
Tanay Thyagarajann,UAL2,UWK3,UAL3
Tanmay Agarwal,,UBA5,
Tanmay Mishra,UBA2,,
Tanush Kotian,UAL2,UAL3,UAL1
Tanveer Sangha,,SP3,
Tanzim Hasan Sakib,,FA8,FA4
Taskin Ahmed,FA2,FA7,FA3
Tejas Baroka,,,USP2
Tejasvi Dahiya,,UWK6,
Tejasvi Jaiswal,,UAL14,
Tejasvi Singh,,UWK5,UWK1
Tejpreet Singh,,USP5,
Tiaan Van Vuuren,,,UAL6
Tim David,,AL3,
Tim Robinson,,,BA2
Tim Seifert,,WK3,WK2
Tim Southee,FA2,FA8,
Tom Banton,,WK3,WK2
Tom Curran,AL2,AL4,AL3
Tom Kohler-Cadmore,UWK1,UWK2,
Tom Latham,,WK4,
Tom Moores,,,UWK3
Towhid Hridoy,,BA5,
Traveen Mathew,,,USP4
Travis Head,BA1,,
Trent Boult,,FA1,
Tripurana Vijay,,UAL13,
Tripuresh Singh,,UAL15,
Tristan Luus,,,UFA3
Tristan Stubbs,WK1,,
Tushar Deshpande,,FA2,
Tushar Raheja,,UBA7,UWK1
Tymal Mills,FA2,FA9,
Uday Saharan,,UAL11,
Umang Kumar,,UAL11,
Umesh Yadav,FA1,FA3,FA2
Umran Malik,,FA3,
Unmukt Chand,,UWK6,
Upendra Singh Yadav,,UWK1,
Urvil Patel,UWK1,UWK3,
Utkarsh Singh,UAL2,UAL1,UAL4
Vaibhav Arora,,UFA1,
Vaibhav Suryavanshi,,UBA9,
Vaisakh Chandran,UAL2,UAL11,
Vansh Bedi,,UWK2,UWK1
Varun Aaron,FA2,,
Varun Raj Singh Bisht,,,UAL10
Vasu Vats,,UFA10,
Venkata Satyanarayana Penmetsa,,UFA7,UFA2
Venkatesh Iyer,,AL1,AL1
Venkatesh Muralidhara,UFA2,,
Vicky Ostwal,,UAL4,UAL2
Vidwath Kaverappa,,UFA2,UFA2
Vidyadhar Patil,,UFA6,UFA2
Vignesh Puthur,,UAL15,USP1
Vihaan Malhotra,,,UAL6
Vijay Kumar,,UFA8,UFA2
Vijay Shankar,,UAL1,UAL1
Vijay Yadav,,UAL15,
Vijayakanth Viyaskanth,,SP2,SP2
Vineet Dhankhar,UAL2,,
Vineet Panwar,,UFA6,
Vipraj Nigam,,UAL4,
Virat Singh,UBA2,UBA4,
Vishal Godara,UFA2,UFA10,
Vishal Mandwal,,,UAL8
Vishal Nishad,,,USP3
Vishnu Solanki,UWK1,UWK4,UWK3
Vishnu Vinod,,UWK1,
Vishu Kashyap,USP2,,
Vishvarajsinh Jadeja,,,UBA4
Vishwanath Pratap Singh,UAL2,UBA8,
Vivrant Sharma,UAL1,UAL7,UAL4
Vyshak Vijaykumar,,UFA1,
Wahidullah Zadran,,,USP1
Wanindu Hasaranga,AL1,SP1,AL1
Waqar Salamkheil,SP1,SP1,SP2
Waseem Bashir,UFA2,,UFA5
Washington Sundar,,AL2,
Wayne Parnell,FA2,FA10,
Wesley Agar,AL2,,FA5
Wiaan Mulder,AL2,AL8,AL1
Will Jacks,,AL3,
Will Young,,BA5,
William O'Rourke,UFA2,FA6,FA2
William Salzmann,UWK2,,
William Sutherland,,AL7,AL3
Writtick Chatterjee,UAL2,UAL9,
Xavier Bartlett,,FA6,
Yajas Sharma,,UAL10,
Yash Dabas,,UAL15,
Yash Dayal,UFA1,,
Yash Dhull,,UBA1,UBA1
Yash Dicholkar,,,USP4
Yash Raj Punja,,,USP1
Yash Thakur,,UFA1,
Yashvardhan Dalal,,,UWK2
Yeddala Reddy,,UFA7,
Yudhvir Charak,,UAL3,
Yuvraj Chaudhary,,UAL6,UAL2
Yuvraj Chudasama,USP2,USP5,
Yuzvendra Chahal,,M2,
Zahir Khan Pakten,,SP3,
Zak Foulkes,,AL8,AL2
Zeeshan Ansari,,USP2,
